id,created_at,edit_history_tweet_ids,text,public_metrics.retweet_count,public_metrics.reply_count,public_metrics.like_count,public_metrics.quote_count,public_metrics.bookmark_count,public_metrics.impression_count,likes,retweets,hour
1969868394645028959,2025-09-21 20:56:38+00:00,['1969868394645028959'],"Three goals and three points for BarÃ§a! ğŸ¦ˆ

Whoâ€™s been your Man of the Match? https://t.co/Kp4Q21iqNc",1054,528,22840,27,70,763639,22840,1054,20
1969866193390436384,2025-09-21 20:47:53+00:00,['1969866193390436384'],ğŸ”µğŸ”´ Two goals and two assists for Marcus Rashford in the last three games. https://t.co/lX26Alb5j1,3662,764,71946,172,363,1529509,71946,3662,20
1969839888527761900,2025-09-21 19:03:21+00:00,['1969839888527761900'],"ğŸš¨ğŸ’™ Pep Guardiola: â€œArsenal are a team that have fought for the last two Premier Leagueâ€™s to win it. They arrived in the semi-finals of the Champions Leagueâ€.

â€œItâ€™s not just Man City that invests money, as they did it as well. So tough. We were thereâ€. https://t.co/hhEOAkTc1w",1446,502,28760,38,195,1443836,28760,1446,19
1969837601206255973,2025-09-21 18:54:16+00:00,['1969837601206255973'],"â¤ï¸ğŸ¤ Mikel Arteta: â€œGabriel Martinelli probably deserved to play and didnâ€™t. Instead of moaning, he comes with an unbelievable energy to help the team to get a pointâ€.

â€œEberechi Eze, the same.â€ âš¡ï¸ https://t.co/4oilyAQ3qC",2214,587,44111,180,252,1329259,44111,2214,18
1969836832658428156,2025-09-21 18:51:13+00:00,['1969836832658428156'],"â¤ï¸ğŸ¤ Arteta: â€œIâ€™m very proud of the team. We dominated them, and Iâ€™m very disappointed with the resultâ€.

â€œIt was so unfair to concede that goal, and after we dominated againâ€. https://t.co/cxm5QdtAAT",1210,1245,23717,380,177,1659164,23717,1210,18
1969817518723240427,2025-09-21 17:34:28+00:00,['1969817518723240427'],"Points shared at Emirates Stadium âš–ï¸

Whoâ€™s been your Man of the Match? https://t.co/t1QHmCLC4S",1100,1016,24223,83,86,1294483,24223,1100,17
1969809498237014324,2025-09-21 17:02:36+00:00,"['1969802805964607919', '1969809498237014324']","ğŸš€ğŸ‡²ğŸ‡¨ Three goals in the last two games for Ansu Fati at AS Monaco, impact from the bench today in Ligue1. https://t.co/mFzOuUbsme",2710,553,46407,255,223,1473470,46407,2710,17
1969802017146298454,2025-09-21 16:32:52+00:00,['1969802017146298454'],"RT @gamdomsport: âŒ Eze
âŒ Zubimendi
âŒ Foden
âŒ Dias
âŒ Raya

Some big names miss out of our Arsenal x Man City Combined XIâ€¦ ğŸ‘€

What changes woâ€¦",209,0,0,0,0,0,0,209,16
1969797743603253349,2025-09-21 16:15:53+00:00,['1969797743603253349'],"3 draws, 1 win, 1 defeat with ğŸ” ğ©ğ¨ğ¢ğ§ğ­ğ¬ ğ¢ğ§ ğŸ“ ğ ğšğ¦ğğ¬ for AtlÃ©tico Madrid ğŸ”´âšªï¸

Whoâ€™s been your Man of the Match? https://t.co/Gy4hyvLmIU",992,486,21649,124,112,1217443,21649,992,16
1969789135050182678,2025-09-21 15:41:41+00:00,"['1969788960248668403', '1969789135050182678']","ğŸ‘½ğŸ‡³ğŸ‡´ 6 games with Man City this season, 7 goals for Erling Haaland.

13 goals in 8 games with club and country. Insane form. ğŸš€ https://t.co/WpWt4cY537",2476,740,39966,135,167,1169491,39966,2476,15
1969768265632334153,2025-09-21 14:18:45+00:00,['1969768265632334153'],"ğŸš¨ğŸ”™ Bukayo Saka, back from injury as heâ€™s on the bench for Arsenal against Man City today. https://t.co/r4OxuK12cb",1348,566,28614,43,78,1134011,28614,1348,14
1969735494625087678,2025-09-21 12:08:32+00:00,['1969735494625087678'],"â¤ï¸Â©ï¸ Bruno Fernandes: â€œIt's very tough for some players to become Man United players because this can be very heavy to come out of this tunnel and get out thereâ€.

â€œRemember itâ€™s a privilege for everyone and everyone is very proud to wear the shirtâ€. https://t.co/fhWfGZREQN",2599,714,36494,70,240,1227963,36494,2599,12
1969735477709164882,2025-09-21 12:08:28+00:00,['1969735477709164882'],"ğŸŸ¡ğŸ”µ Leeds United, very happy with the investment made on Noah Okafor as he scored his first PL goal.

â€œWith Daniel Farke, he gives me this feeling to get my confidence back againâ€, Okafor says. https://t.co/92seuI0xzv",793,273,16468,24,73,909842,16468,793,12
1969499968579719471,2025-09-20 20:32:38+00:00,['1969499968579719471'],"â¤ï¸Â©ï¸ Bruno on scoring 100 goals for Man United: â€œBig moment for me to reach that milestone for a massive club, I won't hide from thatâ€.

â€œIf I can get more goals to help the team that's what matters the mostâ€, told Sky. https://t.co/SZrNg3kDke",1654,470,27086,35,99,1092017,27086,1654,20
1969499757799239883,2025-09-20 20:31:48+00:00,['1969499757799239883'],"ğŸš¨ RÃºben Amorim: â€œThree points. Itâ€™s trying to create the momentumâ€.

â€œWe cannot forget that we suffer a lot when we are not in the top, in our maximum in all aspectsâ€.

â€œWe can lose against Grimsby, we can win against any team. We need to take that for the next weekâ€. https://t.co/nDq3aJuyXK",1597,630,28878,116,163,1452842,28878,1597,20
1969496379828457688,2025-09-20 20:18:23+00:00,['1969496379828457688'],"ğŸš¨ Maresca on Garnacho not playing. â€œWe sent him to warm up because the idea was to give Alejandro minutesâ€.

â€œBut Wes Fofana asked to be changed so we decided to go with Malo Gustoâ€. https://t.co/CYe5aDuwZW",2105,1003,47259,191,253,2200042,47259,2105,20
1969495890327978056,2025-09-20 20:16:26+00:00,['1969495890327978056'],"ğŸš¨âš ï¸ Maresca on Cole Palmerâ€™s injury: â€œIt's a problem for a long time for him, his groinâ€.

â€œCole was not 100% ready but he wanted to play this gameâ€¦ so the effort is huge but after 20 minutes, he decided it was too muchâ€. https://t.co/zBKtmtjqy2",2460,717,47970,432,356,3374692,47970,2460,20
1969495677181870196,2025-09-20 20:15:35+00:00,['1969495677181870196'],"ğŸš¨ Maresca: â€œIt was better to let Mbeumo score than getting the red cardâ€.

â€œWe still had 95 minutes to playâ€¦ Robert SÃ¡nchez is aware of that. It's difficultâ€¦ but if you ask me, I prefer to be one goal down after five minutes than one player downâ€. https://t.co/aT1qiyvRRd",7228,2454,113229,1032,1226,4732064,113229,7228,20
1969494820780458043,2025-09-20 20:12:11+00:00,['1969494820780458043'],"ğŸ¤ğŸ”™ Jude Bellingham: â€œMissed this and all of you so much. Truly humbled by the love you gave me in the stadium today and the support from everyone throughout my recovery, it means the world to meâ€.

â€œNow for more. Hala Madrid!â€. https://t.co/QnkcGLcHyQ",1257,366,25804,26,114,1137159,25804,1257,20
1969470602479042944,2025-09-20 18:35:57+00:00,['1969470602479042944'],"Man United beat Chelsea! ğŸ›‘

Whoâ€™s been your Man of the Match? https://t.co/W1kcZjtWWi",3826,2323,53263,430,281,2159096,53263,3826,18
1969444063699976322,2025-09-20 16:50:29+00:00,"['1969443541203001570', '1969444063699976322']",ğŸ›‘ğŸ‡µğŸ‡¹ 200 PL games for Manchester United and 100 goals nowâ€¦ Bruno Fernandes. Â©ï¸ https://t.co/5ahvpSzVcb,4978,605,68775,289,369,1794635,68775,4978,16
1969434782485405805,2025-09-20 16:13:37+00:00,['1969434782485405805'],"5 games, 5 wins, 15 points! Real Madrid are flying under Xabi Alonso. ğŸš€

Whoâ€™s been your Man of the Match? https://t.co/B5Q67KLSzV",2758,779,46889,99,169,1321262,46889,2758,16
1969434545695994166,2025-09-20 16:12:40+00:00,['1969434545695994166'],"ğŸ¤ğŸ”› Jude Bellingham, back on the pitch after shoulder surgery! Camavinga is also back. https://t.co/HMLlEYTT4c",1169,327,29253,24,113,1116133,29253,1169,16
1969430276506812496,2025-09-20 15:55:42+00:00,['1969430276506812496'],"Points shared between Spurs and Brighton at Amex Stadium! ğŸŸ°

Whoâ€™s been your Man of the Match? https://t.co/9BtcERDtaX",978,444,18811,24,73,1018334,18811,978,15
1969423199478628640,2025-09-20 15:27:35+00:00,['1969423199478628640'],ğŸ¤ğŸš€ One more golazo for Kylian MbappÃ© as he reaches 7 goals in 6 games with Real Madrid! https://t.co/x27pUKUsnr,2485,665,53823,83,207,1330134,53823,2485,15
1969420038462378075,2025-09-20 15:15:01+00:00,['1969420038462378075'],â¤ï¸ğŸ¤ 11 G/A in the last 4 games for Harry Kaneâ€¦ one more hat-trick scored today. ğŸŒªï¸ https://t.co/32O0H6Wred,3234,851,50346,364,287,2035517,50346,3234,15
1969391958989652190,2025-09-20 13:23:27+00:00,['1969391958989652190'],"Liverpool win the Merseyside derby! â¤ï¸ğŸ¿

Whoâ€™s been your Man of the Match? https://t.co/jtvKpfOeL6",1714,1265,33040,98,145,1243563,33040,1714,13
1969371447723184238,2025-09-20 12:01:56+00:00,['1969371447723184238'],"ğŸ›‘ğŸš€ Hugo Ekitike has already reached 3 Premier League goals and 1 assist in 330 minutes as Liverpool player.

Goal and assist for Ryan Gravenberch, once again key for the Reds. âœ¨ğŸ‡³ğŸ‡± https://t.co/2lBB58Mff3",3721,838,64040,143,319,2077648,64040,3721,12
1969368341413310950,2025-09-20 11:49:36+00:00,['1969368341413310950'],ğŸš¨ğŸ”µâš«ï¸ Atalanta manager Ivan JuriÄ‡: â€œAdemola Lookman is back and he will be available from tomorrowâ€. ğŸ‡³ğŸ‡¬ https://t.co/t1D44ZWuZW,1946,758,44505,126,158,1728796,44505,1946,11
1969368098059796953,2025-09-20 11:48:38+00:00,['1969368098059796953'],ğŸ”µğŸ”´âš ï¸ Hansi Flick on Gaviâ€™s injury: â€œLet's hope to have him back soon. We will make a decision on surgery at the beginning of the weekâ€. https://t.co/dWxe6oEGLY,959,387,27383,28,106,1064745,27383,959,11
1969301865503359086,2025-09-20 07:25:27+00:00,['1969301865503359086'],"ğŸš¨ RÃºben Amorim: â€œSir Jim Ratcliffe ask to change the system? No, no, no. Not once. Not even the Pope can do it!â€.

â€œThis is my job, my responsibility, this is my lifeâ€.

â€œThe system will have an evolution and I am doing things my way. I hope I will have the time to changeâ€. https://t.co/gUTMJlQeFk",2668,1733,37200,665,440,2183742,37200,2668,7
1969301527845081127,2025-09-20 07:24:06+00:00,['1969301527845081127'],"ğŸ›‘ RÃºben Amorim on Rashford scoring: â€œRasmus Hojlund also scored, I am happy for Rasmus also! It is the same thing with him guysâ€.

â€œYou are so tough on Rasmus but he scored also, so let's notice thatâ€. https://t.co/AJK6rfbHQk",1747,613,41193,180,292,2060520,41193,1747,7
1969297428734947584,2025-09-20 07:07:49+00:00,['1969297428734947584'],"ğŸš¨ Harry Maguire on Amorimâ€™s system: â€œI think the formation is an easy one to go atâ€¦ because weâ€™re playing something a little bit different to everybody elseâ€.

â€œThe formation has been fine. Itâ€™s got to be down to the PLAYERSâ€, told Sky. https://t.co/u3Od31YlTC",1578,653,28675,140,239,1604349,28675,1578,7
1969293460285829584,2025-09-20 06:52:03+00:00,['1969293460285829584'],"ğŸ›‘ğŸ¨ Arne Slot: â€œFlorian Wirtz is an artist. He gets better and better every gameâ€.

â€œAlways wants the ball, even if he has moments where he could do betterâ€.

â€œWe don't have to teach him how to play football. He just has to adapt to Premier League intensityâ€. https://t.co/jKnVznZ8rT",1834,804,35574,286,291,1758975,35574,1834,6
1969293421337588137,2025-09-20 06:51:54+00:00,['1969293421337588137'],"ğŸ’™ğŸ¤ğŸ‰ Two goals, one assist for Gabri Veiga as new FC Porto signing wins Man of the Match Award.

â€œI love playing in this new system under coach Farioli. Itâ€™s not just me, the whole team loves itâ€, Veiga says. https://t.co/l8wcV63EuA",835,349,18607,67,102,1000331,18607,835,6
1969233283788542117,2025-09-20 02:52:56+00:00,['1969233283788542117'],"ğŸš¨ BarÃ§a director Deco: â€œThe negotiations with Frenkie de Jong are ongoing, I believe we will reach an agreementâ€.

â€œHe is happy at Barcelona, and we are happy with himâ€, told Lance. https://t.co/DX7fT0aPzG",1567,334,37496,43,217,1229629,37496,1567,2
1969171151801762111,2025-09-19 22:46:02+00:00,['1969171151801762111'],"RT @FabrizioRomano: ğŸš¨ğŸ‡¦ğŸ‡· Lionel Messi, closing in on new deal at Inter Miami with agreement at advanced stages.

Not a done deal yet as of tâ€¦",2405,0,0,0,0,0,0,2405,22
1969161071404491094,2025-09-19 22:05:59+00:00,['1969161071404491094'],"ğŸš¨ Maresca: â€œIâ€™ll chat with Garnacho if we decide to start himâ€¦ I want to see how heâ€™d reactâ€.

â€œPlayers need time to adapt. Itâ€™s a normal process. At Brentford, two or three minutes before the goal we conceded exactly the same with player behind Garnacho was alone againâ€. https://t.co/V0zK0Nvjxj",1841,541,35205,123,313,2426914,35205,1841,22
1969160183826747678,2025-09-19 22:02:27+00:00,['1969160183826747678'],"â¤ï¸ğŸ¤ Arteta on Gabriel vs Haaland: â€œWell, Gabriel can get up to anybody in the worldâ€.

â€œHeâ€™s someone that really enjoys the defensive part, the contact, the physicality. When the game has to get to that part, he enjoys it. Thatâ€™s a big quality to haveâ€. https://t.co/HIvSq3n007",2606,513,40922,74,307,1414761,40922,2606,22
1969145980902637627,2025-09-19 21:06:01+00:00,['1969145980902637627'],"ğŸš¨ğŸ‡¦ğŸ‡· Lionel Messi, closing in on new deal at Inter Miami with agreement at advanced stages.

Not a done deal yet as of today with few points to clarify and MLS approval to all conditions to follow.

The agreement could be sealed soon with talks accelerating in recent weeks. https://t.co/Eh3YxrjnfQ",2405,1084,42177,223,584,7719160,42177,2405,21
1969105517894041663,2025-09-19 18:25:14+00:00,['1969105517894041663'],"ğŸš¨ğŸ˜ RÃºben Amorim: â€œSir Jim Ratcliffe offered me a new contract. He was offering me a new contract [laughs]â€.

â€œNo, it was normal things, to show his support, explaining that it is a long project. He said many times this is my first season. For me it's notâ€, told @Beanymansports. https://t.co/QMSOVd1fAm",1124,715,17970,206,441,2432525,17970,1124,18
1969044445799555403,2025-09-19 14:22:33+00:00,['1969044445799555403'],"â¤ï¸ğŸ¤ Arteta on Madueke: â€œI was sure he was a player with a talent and a level of threat and unpredictability that will make us betterâ€. 

â€œWhen I picked up the phone to speak to him and his dad, I had rhe impression that they were really willing to comeâ€. https://t.co/sHJvky4qxv",1708,509,29612,39,186,1147563,29612,1708,14
1969043468757422514,2025-09-19 14:18:40+00:00,['1969043468757422514'],"â¤ï¸ğŸ¤ Arteta on Mosquera: â€œHeâ€™s very good, credit to the scouting department and Andrea Bertaâ€.

â€œNo concerns. He is extremely focused, very determined, very clear he wanted to come here. To come here to play and earn his place. Heâ€™s been impressiveâ€. https://t.co/pP69k1DOsR",2384,428,38133,59,225,1202174,38133,2384,14
1969042421330714667,2025-09-19 14:14:30+00:00,['1969042421330714667'],"ğŸš¨ Pep Guardiola: â€œI want to say to my friend, Mikel Arteta, if he wins Premier League titleâ€¦ well it will jusr be because of spending, not because he worked a lot!â€.

â€œLike Liverpool! If Arne Slot wins title again, it will be because he spent a lot of money this year, right?â€. https://t.co/9udIeufpF4",4792,3150,58215,2045,5098,8487298,58215,4792,14
1969018044404949429,2025-09-19 12:37:39+00:00,['1969018044404949429'],ğŸš¨ğŸ”™ RÃºben Amorim confirms Matheus Cunha and Mason Mount are back and available against Chelsea. https://t.co/9U0UXtHwme,4985,1532,77802,1055,354,2233319,77802,4985,12
1969017791790346462,2025-09-19 12:36:38+00:00,['1969017791790346462'],"ğŸš¨ RÃºben Amorim when asked about Garnacho at Chelsea: â€œGarnacho is not our player, I'm focused on our playersâ€. https://t.co/VMaj4JFK3O",1982,712,43188,125,213,1689876,43188,1982,12
1969005033208357164,2025-09-19 11:45:56+00:00,['1969005033208357164'],"ğŸ¤ğŸ‡§ğŸ‡· Xabi Alonso: â€œVinicius looks good to meâ€.

â€œYesterday wasn't the time to talk to him, but today he seemed more positive and more smiling. I spoke with him, not much, we did some individual exercises. We'll see tomorrowâ€. https://t.co/tPNsMSeuR2",967,469,23520,47,126,1256413,23520,967,11
1968999790131257772,2025-09-19 11:25:06+00:00,['1968999790131257772'],"ğŸ’™ğŸ£ Enzo Maresca when asked how hard is life for Disasi and Sterling out of the squadâ€¦

â€œMy father was fisherman. Going to work from 2am to 10am every day for 50 years. This is hard in life, not being a football playerâ€. https://t.co/T2GvxCjOuT",7124,1911,83954,1973,4225,6549466,83954,7124,11
1968998415632597355,2025-09-19 11:19:39+00:00,['1968998415632597355'],"ğŸš¨ğŸº Jorgen Strand Larsen set to sign new long term deal at Wolves as documents have been approved.

Contract until June 2030 plus option until June 2031, salary raised and no release clause. https://t.co/4HEkWANYtf",604,326,12532,53,69,823196,12532,604,11
1968997970474340479,2025-09-19 11:17:53+00:00,['1968997970474340479'],"Send your ğƒğğ«ğ›ğ² ğ©ğ«ğğğ¢ğœğ­ğ¢ğ¨ğ§! ğŸ¿ğŸ˜®â€ğŸ’¨

Big weekend ahead with many top games to follow âœ¨

Download @betwayscores App from App Store: https://t.co/LRiiMkId3E ğŸ“±âš½

#ad https://t.co/owhXD8txBM",299,279,5829,7,82,717245,5829,299,11
1968992658845508044,2025-09-19 10:56:46+00:00,['1968992658845508044'],@LashKokiashvili â¤ï¸ğŸ˜,7,36,537,0,2,88739,537,7,10
1968988831606067241,2025-09-19 10:41:34+00:00,['1968988831606067241'],"ğŸš¨ Rashford on his future: â€œI want to stay as long as possible at Barcelona. I have to focus on doing my job, helping the team in any way I canâ€.

â€œI can feel the confidence that Flick has given me. I knew he was great before I signed, but working with him is a real pleasureâ€. https://t.co/8zMwW2ZUgQ",2426,814,34345,70,309,990511,34345,2426,10
1968982137484292321,2025-09-19 10:14:58+00:00,['1968982137484292321'],"ğŸš¨ğŸ§¨ Maresca: â€œAle Garnacho vs Man United? I think heâ€™s ready to startâ€.

â€œIn the last two games, he was inside very good. We are happy in the way he is adapting to our styleâ€. https://t.co/Cl2dXdWM4x",2560,762,46559,460,263,2662104,46559,2560,10
1968981705684824492,2025-09-19 10:13:15+00:00,['1968981705684824492'],"ğŸš¨ Maresca: â€œI really appreciate Ruben Amorim. He's a magnificent managerâ€. 

â€œSometimes you can struggle a little bit more or less at the start of a project. I have no doubt he's a fantastic manager, I watched his games since in Sportingâ€. https://t.co/oG2LE5ZKnK",1933,728,37576,234,242,1299766,37576,1933,10
1968981375089828333,2025-09-19 10:11:56+00:00,['1968981375089828333'],"ğŸš¨âš ï¸ Maresca: â€œI've been in Sterling and Disasiâ€™s situation as a player. For sure, I know it's not the best feeling. You want to train and play gamesâ€.

â€œThe situation is like this for different reasons. I know the club is giving them the opportunity to work in the right wayâ€.w https://t.co/JlNwtTYRwS",1139,368,22655,33,116,1193802,22655,1139,10
1968967674525839435,2025-09-19 09:17:29+00:00,['1968967674525839435'],"ğŸ’™ğŸ‡³ğŸ‡´ Pep Guardiola: â€œHaaland scored 50 goals in 49 gamesâ€¦ Erling, Leo Messi, Cristiano Ronaldo, they are on another planetâ€.

â€œItâ€™s not easy for Erling always with many defenders around him but heâ€™s fantastic. He is also improving this seasonâ€. https://t.co/8DEUlMo4sM",2518,563,43845,55,277,1203270,43845,2518,9
1968964206448746774,2025-09-19 09:03:43+00:00,['1968964206448746774'],"ğŸš¨ğŸ”´âšªï¸ Richard Garlick becomes new Arsenal Chief Executive Officer with immediate effect.

After five years with Arsenal, Tim Lewis steps down from the Board and has left the club. https://t.co/TY9OqEK6mx",1380,484,21923,63,193,950821,21923,1380,9
1968962939848712521,2025-09-19 08:58:41+00:00,['1968962939848712521'],"ğŸ”µğŸ”´ Hansi Flick: â€œI told Deco in the summer: bring me Rashford, bring me Rashford, pleaseâ€¦ we needed a player like himâ€. https://t.co/jPBybNMNmF",4358,841,90237,222,826,2851016,90237,4358,8
1968962535500964154,2025-09-19 08:57:04+00:00,['1968962535500964154'],"ğŸš¨ Eddie Howe: â€œUnfortunately we think je will be out until the next international breakâ€.

â€œHe's sort of got a race on to be fit for that Brighton game. Hopefully he can make itâ€. https://t.co/FDru4IeqY8",806,330,22363,13,82,1275525,22363,806,8
1968838017352687932,2025-09-19 00:42:17+00:00,['1968838017352687932'],"ğŸš¨ Hansi Flick: â€œI spoke with Rashford in July and told him: I need you in my teamâ€.

â€œIâ€™m not surprised. Rashford is a player with amazing talent and an incredible ability to finish attacks, which we see in trainingâ€. https://t.co/vFnoAXwIrj",3223,612,54311,133,418,1687017,54311,3223,0
1968837709855605065,2025-09-19 00:41:03+00:00,['1968837709855605065'],"ğŸ’™âœ¨ Pep Guardiola: â€œNico Oâ€™Reillyâ€¦ heâ€™s a top, top player. He can play in three, four positionsâ€.

â€œHis presence in set-pieces, one-v-one, with the ball he's really good, arrives good in the final positionsâ€.

â€œHe's a player hopefully for many years!â€, says via @City_Xtra. https://t.co/hjJIDbMmWt",1048,255,22296,52,137,1113307,22296,1048,0
1968837480062267728,2025-09-19 00:40:09+00:00,['1968837480062267728'],"ğŸš¨ğŸ‡µğŸ‡± SzczÄ™sny on his future: â€œI am backup to Joan GarcÃ­a, and will remain soâ€.

â€œMy role is to prepare him for the biggest matches. He's already one of the best goalkeepers in Europe, but I want to prepare him for the highest level. I will try to help himâ€. https://t.co/p5v3J01Wch",4761,690,104456,429,1039,3688798,104456,4761,0
1968806932866633866,2025-09-18 22:38:46+00:00,['1968806932866633866'],"ğŸ”µğŸ”´ Marcus Rashford: â€œI feel the confidence that coach Hansi Flick has given meâ€.

â€œI knew he was a great coach before I got here, but working with him is a real pleasureâ€. https://t.co/ltq67uT4AA",6112,732,110652,167,874,2539589,110652,6112,22
1968784288104550906,2025-09-18 21:08:47+00:00,['1968784288104550906'],ğŸš¨ğŸ‡µğŸ‡¹ Excl: Matteo Tognozzi agrees to become new Rio Ave director as he joins Marinakis project for long term. https://t.co/qUeF3abiDR,489,282,12118,58,91,1093252,12118,489,21
1968781936278544668,2025-09-18 20:59:26+00:00,['1968781936278544668'],"Rashford wins it for BarÃ§a! ğŸ´ó §ó ¢ó ¥ó ®ó §ó ¿

Whoâ€™s your Man of the Match? https://t.co/Muc9Z90NAM",3861,1330,70220,256,420,2059949,70220,3861,20
1968781615078793265,2025-09-18 20:58:09+00:00,['1968781615078793265'],"Haaland breaking records! ğŸŒªï¸5ï¸âƒ£0ï¸âƒ£

Whoâ€™s your Man of the Match? https://t.co/iJPICxd03e",1216,529,22724,31,85,915724,22724,1216,20
1968781508786757685,2025-09-18 20:57:44+00:00,['1968781508786757685'],Eintracht make it 5! Whoâ€™s your Man of the Match? ğŸ‡©ğŸ‡ª https://t.co/okt827DM24,997,733,26715,77,142,1381216,26715,997,20
1968781380084465877,2025-09-18 20:57:13+00:00,['1968781380084465877'],Big win for Sporting! Whoâ€™s your Man of the Match? ğŸ¦ https://t.co/6osZ8sE0FO,1203,318,30978,62,105,1078866,30978,1203,20
1968775423770190106,2025-09-18 20:33:33+00:00,"['1968773657091563678', '1968775423770190106']","ğŸ”µğŸ”´ First and then second goals as Barcelona player for Marcus Rashford! 

Special moment as he scores in England, at St James Park, in Champions League. https://t.co/ImJEIPmQZB",5603,1008,87102,129,415,2091560,87102,5603,20
1968772633467519304,2025-09-18 20:22:28+00:00,['1968772633467519304'],"ğŸš¨ Erling Haaland becomes the fastest player ever to reach 50 Champions League goals.

Job done in 49 (!) games. ğŸ¤– https://t.co/IsIvUX4xBc",7129,953,81166,466,694,1936426,81166,7129,20
1968733934935527687,2025-09-18 17:48:42+00:00,['1968733934935527687'],ğŸš¨ Dean Huijsen on his red card appeal rejected: â€œThe error has been admitted but the sanction staysâ€¦ good image for Spanish football!â€. https://t.co/MVFHgZRdor,2162,684,37326,224,515,2073142,37326,2162,17
1968723278169534502,2025-09-18 17:06:21+00:00,['1968723278169534502'],"â¤ï¸ğŸ¤ğŸ¦… JosÃ© Mourinho: â€œI want to tell you that none of the clubs I've had the opportunity to coach have motivated me more than being Benfica's coachâ€.

â€œThe promise is clear: I will live for Benfica, for my mission. It's a tremendous honourâ€. https://t.co/xk5T8gHQUB",3616,1657,44153,500,504,2076015,44153,3616,17
1968677163214807435,2025-09-18 14:03:06+00:00,['1968677163214807435'],"ğŸš¨ Luis DiÃ¡z tells Movistar about BarÃ§a negotiations: â€œI'm very happy to be at Bayern, itâ€™s great club. There have been talks with BarÃ§a, itâ€™s trueâ€¦ which is normal in the transfer marketâ€.

â€œI'm very happy with my decision. I've made an objective decision about my futureâ€. https://t.co/lnRDbmK68X",1123,434,28590,37,161,1501511,28590,1123,14
1968676674112733593,2025-09-18 14:01:10+00:00,['1968676674112733593'],"ğŸ”´âšªï¸ RB Leipzigâ€™s formal director of commercial Florian Scholz signs in as new Head of Global Soccer Commercial at RB.

Scholz will be new key figure with JÃ¼rgen Klopp whoâ€™s Head of Global Soccer. https://t.co/HASEx7m4LM",334,228,6904,4,32,719343,6904,334,14
1968674158935499244,2025-09-18 13:51:10+00:00,['1968674158935499244'],"ğŸ¤â¤ï¸â€ğŸ©¹ Rodrygo: â€œI went through a very difficult time at the end of last seasonâ€.

â€œI wanted to thank my family for being there with me during that time. I also wanted to thank Mister Ancelotti, he more than anyone knows what I went through, and he helped me a lotâ€. https://t.co/irC2TJdE6W",1912,589,42812,93,284,1909433,42812,1912,13
1968668294186926233,2025-09-18 13:27:52+00:00,['1968668294186926233'],ğŸ”µâœğŸ½ Chelsea defender Genesis Antwi signs new contract until June 2028 with an option for further two years. https://t.co/ZamA6hnZ0c,846,466,18394,39,72,834027,18394,846,13
1968665780393766997,2025-09-18 13:17:52+00:00,['1968665780393766997'],"ğŸš¨âš«ï¸ğŸ”µ After being out of Atalanta squad since July, Ademola Lookman returns in team training today.

The Nigerian winger spoke to coach Ivan JuriÄ‡ and clarified his situation. https://t.co/1cujLZYYOU",2691,993,47152,288,228,2045049,47152,2691,13
1968624464226066912,2025-09-18 10:33:42+00:00,['1968624464226066912'],"ğŸš¨ğŸ¦… JosÃ© Mourinho signs his contract until June 2027 at Benfica today, after verbal revealed overnight. https://t.co/3ak2xda3DV",2145,1067,32628,202,173,1353107,32628,2145,10
1968624363793477694,2025-09-18 10:33:18+00:00,['1968624363793477694'],"RT @BetwayScores: WIN 2 VIP TICKETS to watch Arsenal play at the Emirates Stadium in the Betway Scores box - WITH @fabrizioromano! ğŸ˜± 

To eâ€¦",196,0,0,0,0,5,0,196,10
1968601854490685924,2025-09-18 09:03:51+00:00,['1968601854490685924'],"ğŸš¨ Dayot Upamecano on his future: â€œI feel comfortable here, Iâ€™m happy. My agent is speaking to Bayern officialsâ€.

â€œThe talks are ongoing. There's nothing more to say. We'll see what happensâ€, told BILD. https://t.co/Lyzk213bxN",569,395,13858,19,52,843390,13858,569,9
1968573249526153550,2025-09-18 07:10:11+00:00,['1968573249526153550'],"RT @FabrizioRomano: ğŸš¨ğŸ¦… BREAKING: JosÃ© Mourinho to Benfica, here we go! Verbal agreement until June 2027.

Mourinho has accepted Benfica proâ€¦",13609,0,0,0,0,9,0,13609,7
1968573211567665157,2025-09-18 07:10:02+00:00,['1968573211567665157'],"ğŸ”µğŸ’« Enzo Maresca: â€œI have the feeling that we can build something special from this defeat against Bayernâ€.

â€œWe can learn a lot from this game. But we show we can compete, alwaysâ€. https://t.co/RbZV8lLicv",2555,1196,41213,255,253,1355545,41213,2555,7
1968572287948386762,2025-09-18 07:06:22+00:00,['1968572287948386762'],"ğŸ”´ğŸ‡¸ğŸ‡ª Arne Slot: â€œIsak seemed to be quite fit to me. That was the most positive thingâ€.

â€œHe was fitter than I expectedâ€¦ heâ€™s not ready for three games a week yetâ€. https://t.co/O4VmGRrAd2",1750,554,41946,25,206,1416234,41946,1750,7
1968569990866510202,2025-09-18 06:57:14+00:00,['1968569990866510202'],"ğŸš¨ğŸ‡©ğŸ‡ª Arne Slot: â€œYou can see Florian Wirtz is getting fitter and fitter and adjusting to usâ€.

â€œPeople forget that heâ€™s 22 years oldâ€. https://t.co/isoITsrgv7",3266,1711,87673,620,526,3260987,87673,3266,6
1968443790403723403,2025-09-17 22:35:46+00:00,['1968443790403723403'],"ğŸš¨ğŸ¦… BREAKING: JosÃ© Mourinho to Benfica, here we go! Verbal agreement until June 2027.

Mourinho has accepted Benfica proposal and the formal steps will follow in next 24h.

Two year contract ready for the Special One as Benfica coach. â¤ï¸ğŸ¤ https://t.co/7ZUadcEr5e",13609,3785,154125,2885,2262,12923120,154125,13609,22
1968419452204036468,2025-09-17 20:59:03+00:00,['1968419452204036468'],"One more late win for Liverpool! ğŸ¤¯

Whoâ€™s been your Man of the Match? https://t.co/oy7I2Eisqo",2958,1345,49232,194,267,1723444,49232,2958,20
1968418883380932788,2025-09-17 20:56:47+00:00,['1968418883380932788'],"Massive win for Bayern! â¤ï¸ğŸ¤

Whoâ€™s your Man of the Match? https://t.co/xh8tuEut5h",1710,1132,28565,152,129,1360611,28565,1710,20
1968418312938774898,2025-09-17 20:54:31+00:00,['1968418312938774898'],Big win for PSG! Whoâ€™s been your Man of the Match? âœ¨ https://t.co/tU6vhTPNAb,847,450,20892,28,84,1094599,20892,847,20
1968418107287896118,2025-09-17 20:53:42+00:00,['1968418107287896118'],Inter beat Ajax! Whoâ€™s your Man of the Match? ğŸ… https://t.co/lsaet3Yn6v,1415,551,36634,79,83,1252150,36634,1415,20
1968412372533449186,2025-09-17 20:30:55+00:00,['1968412372533449186'],â¤ï¸ğŸ¤ğŸ¤– Harry Kane has already reached 10 goals this season after brace tonight vs Chelsea! https://t.co/SA5IrnSrNF,2608,873,55246,366,198,4699071,55246,2608,20
1968370938619281472,2025-09-17 17:46:16+00:00,['1968370938619281472'],ğŸš¨ğŸ‡¸ğŸ‡ª Alexander Isak starts for the first time as new Liverpool player! ğŸ”› https://t.co/eOroQFjE0R,3361,1018,77259,264,341,3932222,77259,3361,17
1968369960901906534,2025-09-17 17:42:23+00:00,['1968369960901906534'],"ğŸš¨ Hansi Flick: â€œLamine Yamal? Heâ€™s unlikely to play this weekend as wellâ€.

â€œI donâ€™t think we should put pressure on him. We have a fantastic medical staff. Weâ€™ll see how he progresses. If he comes back, itâ€™s to be at one hundred percentâ€. https://t.co/biLEOtPHNG",1916,583,40533,92,232,1868775,40533,1916,17
1968358262270738564,2025-09-17 16:55:54+00:00,['1968358262270738564'],"ğŸš¨ğŸº Vitor Pereira, set to sign a new three year deal ar Wolves with agreement  verbally done.

Full trust from the board for the manager whoâ€™s staying at #WWFC. ğŸŸ âš«ï¸ https://t.co/IfsTCMm9Lf",825,502,18271,194,170,1772556,18271,825,16
1968349814925791668,2025-09-17 16:22:20+00:00,['1968349814925791668'],"ğŸš¨ğŸ‰ Yann Karamoh signs in as new FC Porto player on a free transfer.

Heâ€™s already in Portugal for medical tests and contract signing. https://t.co/MkbqeNvUr3",680,369,14394,41,113,1095700,14394,680,16
1968289290733175137,2025-09-17 12:21:50+00:00,['1968289290733175137'],"ğŸš¨ğŸ’™ Donnarumma: â€œI was very clear; my desire was to join Man City. That was my first and only option, the only thing I wantedâ€.

â€œI'm happy to be here, happy to be here at Coty, part of this fantastic team, a fantastic family, give so much to these colours, to this badgeâ€. https://t.co/UvIzo9p22L",1677,829,29767,89,196,1422656,29767,1677,12
1968285843711525342,2025-09-17 12:08:08+00:00,['1968285843711525342'],"ğŸ”µ Pep Guardiola: â€œI would say in the last decade always we've had incredible keepersâ€.

â€œEderson made an incredible job, and the other keepers that helped us as wellâ€.

â€œGigio, with his age at 26, comes for many years, and of course he's a top class keeper!â€. https://t.co/sWBR3Sv9kK",1479,597,33014,28,190,1445696,33014,1479,12
