created_at,id,edit_history_tweet_ids,text,public_metrics.retweet_count,public_metrics.reply_count,public_metrics.like_count,public_metrics.quote_count,public_metrics.bookmark_count,public_metrics.impression_count,likes,retweets,hour
2025-10-10 01:00:00+00:00,1976452622707220943,['1976452622707220943'],"本日(10/10)、『#アサイーベリーフラペチーノ®』（通称 #黒猫フラペチーノ®）がSTART🐈‍⬛🖤

甘酸っぱいアサイーベリーと、ザクっと食感のブラッククランチが楽しめる一杯です。
仕上げには、猫耳チョコレートが🍫✨

黒猫と一緒に、遊び心あふれるひとときを楽しみませんか？🐾
https://t.co/fYL8ZKdfK9 https://t.co/tlcMnk62Wl",8212,160,35548,2182,1387,2814230,35548,8212,1
2025-10-09 03:00:00+00:00,1976120433633263634,['1976120433633263634'],"「どこに隠れているのかにゃ？🐾」
明日10/10、#アサイーベリーフラペチーノ®（ #黒猫フラペチーノ®）が登場🐈‍⬛🖤
待ちきれない黒猫たちが、ひと足早くお店に…✨

黒猫は全部で5匹。
タッチして見つけられるかにゃ🔍
#黒猫さがし",819,37,4672,45,236,1276380,4672,819,3
2025-10-09 01:01:01+00:00,1976090490371178558,['1976090490371178558'],"RT @starbucks_j_cpg: #スターバックス で初めての自動販売機限定ペットボトル✨
『スターバックス® MY RETREAT™ キャラメルマキアート』が新発売💛

キャラメルとミルクのクリーミーな甘さに、重なるコーヒーの深み☕
心をふんわりと満たす贅沢な味わいで…",518,0,0,0,0,65,0,518,1
2025-10-07 09:00:02+00:00,1975486263391330583,['1975486263391330583'],"本日(10/7) 19:00～、今年のハロウィンを盛り上げる黒猫モチーフのグッズや 『#アサイーベリーフラペチーノ®』（通称 #黒猫フラペチーノ®）をひと足早くご紹介🐈‍⬛🐾
みなさまからのご質問やコメントもお待ちしています😊

▼LIVE配信はこちら
https://t.co/H8Zn9qOoBk https://t.co/KWSVIWdkYL",867,33,5501,187,277,810123,5501,867,9
2025-10-07 03:00:07+00:00,1975395687618765237,['1975395687618765237'],"MEOOW🐈‍⬛👻
いたずら好きな黒猫とゴーストが共演するハロウィングッズが登場🖤
暗闇で怪しげに光る遊び心あふれるアイテムも💫

10/7(火)20:00～オンラインストア先行販売、
10/10(金)全国のお店に並びます

みなさんはどれが気になりますか🐾 https://t.co/QuVjhrlZlZ",1939,71,10434,429,655,1826354,10434,1939,3
2025-10-06 09:01:01+00:00,1975124120754106685,['1975124120754106685'],"10/10、『#アサイーベリーフラペチーノ®』（通称 #黒猫フラペチーノ®）START🐈‍⬛🖤

黒猫から届く秘密の画像は全５種✨
コンプリートできた方はいますか？✋

リポスト🔁＆元の👇投稿に『#黒猫フラペチーノ®』をつけてコメントするごとに、異なる秘密の画像をお届けします🐾 https://t.co/k3fNfuDAje",2509,283,9796,229,293,1667303,9796,2509,9
2025-10-06 01:30:03+00:00,1975010631632990229,['1975010631632990229'],"秘密の画像は全部で５種類🖤

「もっと見たい」という方は、この投稿に『#黒猫フラペチーノ®』をつけてコメントしてください💬
楽しみ度も🐈‍⬛の絵文字の数で教えて✨",314,1143,2052,64,57,680733,2052,314,1
2025-10-06 01:30:00+00:00,1975010620505514054,['1975010620505514054'],"暗闇から忍び寄る影…🐾

10/10(金)『アサイー ベリー フラペチーノ®』（通称 黒猫フラペチーノ®）が新登場🐈‍⬛🖤
甘酸っぱいアサイーベリー×ザクっとクランチ、猫耳チョコレートが妖しく煌めく一杯です✨

リポスト🔁すると、
黒猫がそっと姿を現し、あなたに秘密の画像が届くかも…🐈‍⬛🐾 https://t.co/ruh5t9h6eP",91939,1707,182250,15819,11420,26337168,182250,91939,1
2025-10-05 03:00:03+00:00,1974670893902365003,['1974670893902365003'],"🐾
　   🐾
🐾
   　🐾
🐾
   　 🐾
🐾
   　 🐾
2025.10.10(Fri)
Coming soon…🖤 https://t.co/7Ztk7nMIgI",7557,194,42679,1738,1578,3697400,42679,7557,3
2025-10-03 07:01:01+00:00,1974006758738960827,['1974006758738960827'],"RT @starbucks_j_cpg: #スターバックス の味わいが、ネスプレッソ「ヴァーチュオ」専用カプセルとして10/2に新登場✨
やわらかい口あたりのクレマと、香り豊かなアロマをお楽しみいただけます☕

一日のさまざまなシーンに合わせて、ドリップとはひと味違う新しいアロ…",93,0,0,0,0,82,0,93,7
2025-10-03 01:01:00+00:00,1973916158693945684,['1973916158693945684'],"ピケ モコ ブーケ &amp; ティー ラテ はもう飲まれましたか？🥤

ふわふわなアールグレイフレーバームースの上に、もこもこな素材感をイメージしたスポンジケーキクラムと、やさしい甘さのピケベアチョコレートをトッピング🧸☁️ https://t.co/VoRx8KS2NJ",1090,59,7587,271,380,1658339,7587,1090,1
2025-09-30 03:02:01+00:00,1972859449510670567,['1972859449510670567'],"秋の深まりとともに、食欲も増すこの季節🍂
お店には、新しい秋の味覚が並びました。
コーヒーと相性ぴったりのデザート、今日はどちらを楽しみたいですか？☕️

🌰 #手しぼり栗のモンブラン
🍎 #青森県産2種のりんごカスタードアップルパイ https://t.co/DguMYDMLZ9",1773,104,11309,364,417,1808727,11309,1773,3
2025-09-29 01:01:01+00:00,1972466609630622183,['1972466609630622183'],"本日(9/29)から、海外でも #PSL の愛称で親しまれる『#パンプキンスパイスラテ』が登場🎃
クリーミーで甘みのあるパンプキンの味わいに、スパイスのアクセントが秋らしい一杯です🍁

アイス🥤or ホット☕​ どちらから楽しみたいですか？
絵文字で教えてください☺ https://t.co/YXKHBbFFMA",3049,157,12911,722,555,1973095,12911,3049,1
2025-09-28 07:01:00+00:00,1972194817875890450,['1972194817875890450'],"#スターバックスリワード 会員の方には、期間中に対象商品をご購入いただくと、オリジナルデザインのスマートフォン壁紙をプレゼント🎁
実施期間：9/29(月)~10/13(月)

待ち受け画面に設定して、ふと目に入るたびに、小さな癒し時間を感じてみませんか🧸💫

詳細はキャンペーンページをご覧ください📱 https://t.co/9Eku77hXHC",477,23,3431,31,282,742266,3431,477,7
2025-09-28 03:01:05+00:00,1972134441201111266,['1972134441201111266'],"明日9/29(月)から、GELATO PIQUE + STARBUCKS®のコラボレーショングッズが、スターバックスのお店と公式オンラインストアで登場 🧸☕

🥤『ピケ モコ ブーケ &amp; ティー ラテ』上品なアールグレイの香りにフルーティーな甘さが重なる華やかな一杯。 https://t.co/mCrbTr9gt7",1737,51,8845,445,518,1884906,8845,1737,3
2025-09-26 07:01:00+00:00,1971470041783861647,['1971470041783861647'],"本日(9/26)から、『#洋なし果肉カスタマイズ』が登場🍐​
お好きなアイスビバレッジやフラペチーノ®に洋なし果肉を追加して、​いつものドリンクを秋の装いで楽しんでみませんか🍁​

おすすめは、アイスティー「#ブラックティー」へのカスタマイズ。​
ジューシーで華やかな、秋のアイスティーに。 https://t.co/8O0bBLvYFm",2704,42,13363,553,1019,1360496,13363,2704,7
2025-09-26 01:01:00+00:00,1971379444532248670,['1971379444532248670'],"【9/28(日)まで】
渋谷cocoti店にて『ピケ モコ ブーケ &amp; ティー ラテ』先行販売イベントを開催中☕

今回のコラボレーションの世界観を表現した“ふわふわ、もこもこのとびきりスイートなパジャマパーティー”の空間が登場🧁💫

お近くにお越しの際はぜひお立ち寄りください ☺️

@_gelatopique https://t.co/YHz3uERfbo",432,18,3937,38,250,1530186,3937,432,1
2025-09-25 07:01:01+00:00,1971107657080799734,['1971107657080799734'],"RT @starbucks_j_cpg: おうちで楽しむ #スターバックス の一杯を
新登場の『#ドルチェグストネオ』で✨

新搭載された独自の抽出機能で、定番のハウス ブレンドがアメリカーノスタイルでも楽しめるように☕

すっきりした味わいを楽しみながら、今日はおうちでくつろ…",99,0,0,0,0,91,0,99,7
2025-09-22 07:01:02+00:00,1970020498546586051,['1970020498546586051'],"GELATO PIQUE + STARBUCKS®
9.29(Mon) coming soon...

スターバックスとジェラート ピケが贈る、とっておきのひととき。
“とびきりスイートなパジャマパーティー”をテーマに、オリジナルグッズやビバレッジを通して特別な時間をお届けします☁️💫 https://t.co/qOt1wL2xPL",2038,54,9219,541,745,2170529,9219,2038,7
2025-09-22 01:01:05+00:00,1969929911524872556,['1969929911524872556'],"〈 こころときめくCaramel Week☕️🍃 〉
とろけるキャラメルの甘さで自分を少しだけ甘やかしながら、1週間を彩ってみませんか？☺️

🤎 Monday - エスプレッソがアクセントとなった #キャラメルマキアート でスイッチオン
🧡 Wednesday - ほんのり香ばしい #キャラメルフラペチーノ® で気持ちをリセット https://t.co/Y1yorpcP5y",603,29,4390,31,241,1032828,4390,603,1
2025-09-19 01:01:01+00:00,1968842731129815446,['1968842731129815446'],"アールグレイのムースに洋なしムースを重ね、洋なし果肉とキャラメルソースをとろりとかけた『#洋なしとキャラメルの紅茶ケーキ』が登場🍐🫖✨

香り高い紅茶とコク深いキャラメルの味わいが、洋なしの風味を引き立てます💫 https://t.co/Bd9vYexzdU",919,53,6338,125,274,1789661,6338,919,1
2025-09-18 03:01:02+00:00,1968510546380259491,['1968510546380259491'],"RT @StarbucksStoreJ: ［9/1（月）OPEN］
新業態「スターバックス リザーブ® カフェ」が新宿マルイ本館2階にまもなく誕生☕🥐
 
 こだわりのパンとドルチェのようなコーヒービバレッジを、居心地の良い空間で。
‟大人も甘やかす“ 新しいスターバックスをお…",774,0,0,0,0,106,0,774,3
2025-09-17 01:02:01+00:00,1968118208059322832,['1968118208059322832'],"#スターバックスリワード に、新しいサービス“Star Share“が登場⭐️
ご自身でためたStarを家族や友人に簡単にシェアできます📲💫
「ありがとう」や「おつかれさま」など、ちょっとした気持ちにStarを添えて届けてみませんか🎁✨

今ならあなたの体験エピソードを募集中😊
詳しくはこちら https://t.co/RGxD71NGjj",296,28,2480,32,108,1583808,2480,296,1
2025-09-16 01:01:00+00:00,1967755566614466863,['1967755566614466863'],"#チョコレートムースラテ はもうお楽しみいただけましたか？

深煎りのエスプレッソにナッツの香ばしい余韻が重なり、チョコレートのコクをより引き立てる贅沢な一杯☕️🥜

よりチョコレートの風味を楽しみたい方は、チョコレートソースを追加するのもおすすめです🍫✨ https://t.co/gmHLIn0GhX",1982,83,13833,382,920,1739987,13833,1982,1
2025-09-12 07:00:00+00:00,1966396360049177000,['1966396360049177000'],"スターバックスの創業を記念して作られた #スターバックスアニバーサリーブレンド が今年も登場☕

しっかりとしたコクと、エイジング（熟成）により醸し出されるスパイスのニュアンスを感じる力強い味わいです。 https://t.co/P15xnBW3dZ",364,52,3670,18,211,1508465,3670,364,7
2025-09-12 01:01:01+00:00,1966306018264256690,['1966306018264256690'],"RT @starbucks_j_cpg: 本日9/9(火)、『スターバックス® COFFEE OF THE DAY』が新発売💚

カフェにいるような心地よい気分と味わいを、気軽に楽しめるコーヒー飲料☕
持ち歩きやすいスリムなボトルで、気持ちを高めたいときやお出かけのお供にもおす…",367,0,0,0,0,55,0,367,1
2025-09-11 07:02:21+00:00,1966034563387269121,['1966034563387269121'],"RT @BEAMS_JP: ＼明日10:00より発売！☕️✨／
ビームスが考える、新しいスターバックスのあるライフスタイル〈STARBUCKS STAND by BEAMS〉が始動！
ウェアや小物等を含めた全16型31アイテムを販売👚
「ビームス ライフ 横浜」ではロゴステッカ…",74,0,0,0,0,84,0,74,7
2025-09-11 01:01:01+00:00,1965943628377014627,['1965943628377014627'],"季節の移ろいを彩る、3つのビバレッジ🍂💫
みなさんはどれから楽しみたいですか☺️

🧡 芳醇な洋なしとコク深い生キャラメルがとろけ合う #洋なし生キャラメルフラペチーノ​®
🤎 ふわふわのチョコレートムースをのせた #チョコレートムースラテ
💗 香ばしいほうじ茶と焼き芋の甘みが重なる https://t.co/d49FozigYS",1642,93,9542,253,430,1692149,9542,1642,1
2025-09-10 01:00:07+00:00,1965581014115516569,['1965581014115516569'],"本日(9/10)より、#洋なし生キャラメルフラペチーノ® がスタート🍐
シャキッと食感の洋なしと、生キャラメルのコクがポイントの一杯✨
本格的なスイーツ感と贅沢気分を楽しんでいただけます😊

さらに #洋なしとキャラメルの紅茶ケーキ も一緒に登場します。 https://t.co/2Q2ZVSFp90",4756,93,22571,1097,794,2181983,22571,4756,1
2025-09-09 01:01:00+00:00,1965218849911177524,['1965218849911177524'],"お気に入りの一杯を、#スターバックスeGift であの人へ🎁
秋を彩る限定デザインも登場しています🍁
https://t.co/rbVt5A7NuF

秋の訪れに、どんなひとときを贈りたいですか？☕️🥖 https://t.co/Hhyfyjk6f2",112,23,1033,5,17,536248,1033,112,1
2025-09-08 03:01:00+00:00,1964886662967910411,['1964886662967910411'],"秋の味覚を引き立てる #スターバックスオータムブレンド ☕🍁
#きのこクリームのチキンandモッツァレラ石窯フィローネ と一緒に味わうと、きのこの香りやソースのクリーミーさがよりなめらかに広がります✨

秋の香り漂うペアリングで、思わず笑みがこぼれるランチタイムを😋
https://t.co/9gQisZbjNS https://t.co/Buj2K6lH9E",260,35,1954,13,37,585987,1954,260,3
2025-09-08 01:30:00+00:00,1964863761724096969,['1964863761724096969'],"9/10(水)、 #洋なし生キャラメルフラペチーノ® が全国のお店に新登場🍐
9/8-9の2日間、スターバックス® リワード会員の方は先行してお楽しみいただけます✨
モバイルオーダー または、レジで公式モバイルアプリ内二次元コードを提示してご注文ください😊

▼詳細はこちら
https://t.co/ep3TdntHw0 https://t.co/MLhzldWOPx",7351,116,25323,1865,1054,2656968,25323,7351,1
2025-09-07 01:00:05+00:00,1964493843606425626,['1964493843606425626'],9/10(水)、スターバックスのもう一つの秋が始まります🍐 https://t.co/UbDCBpn3Xr,5905,113,33766,1736,869,2851338,33766,5905,1
2025-09-05 01:40:41+00:00,1963779286604861624,['1963779286604861624'],"RT @BEAMS_JP: スターバックスとビームスが手がける、新しいライフスタイルプロジェクト
〈STARBUCKS STAND by BEAMS〉が始動☕️
9.12（Fri.）ローンチ✨

#starbucks_stand_by_beams
https://t.co/Cn…",88,0,0,0,0,115,0,88,1
2025-09-04 07:01:01+00:00,1963497510204584369,['1963497510204584369'],"自由なメッセージを刻印できる #オンラインストア名入れサービス 。
秋のギフトシーンに、世界で一つだけのアイテムを贈ってみませんか🎁✨

#敬老の日 に、お世話になっている方へ感謝を込めて🍂
秋生まれのお友だちのバースデーギフトに🎂

想いを込めた贈り物に、あの人もきっと笑顔になるはず😉 https://t.co/dZLiW5hqYP",196,28,1695,25,95,559864,1695,196,7
2025-09-04 01:01:00+00:00,1963406912487395601,['1963406912487395601'],"スイートポテトのようなマラサダ、きのこの風味豊かなフィローネ、パンプキンの甘みが引き立つスイーツたち🍠🥖🧀
多彩な秋の味覚から、皆さんが味わってみたいのはどれですか？🍂
絵文字で教えてください☺️💫

🤎 → #スイートポテトマラサダ
🧡 → #パンプキンスコーン
🤍 → https://t.co/qqXjeSSDve",1029,143,7288,184,356,1527662,7288,1029,1
2025-09-03 01:30:01+00:00,1963051825613115797,['1963051825613115797'],"本日(9/3)から、#チョコレートムースラテ も登場しています☕🥜🍫
コーヒーを味わいたい方は、こちらもぜひ試してみてくださいね😊 https://t.co/TZZfqhrwwB",2528,44,11810,312,346,1541011,11810,2528,1
2025-09-03 01:01:00+00:00,1963044524168733108,['1963044524168733108'],"#ほうじ茶香る焼き芋ムースティーラテ が、
本日(9/3)、登場です🍠🍵🍂

冷たいほうじ茶の中に、秋の風物詩”焼き芋”を感じられます😊
ぜひ試してみてくださいね✨

https://t.co/polgzJXspr https://t.co/xpg9gCPOza",5170,98,22442,1315,716,2259173,22442,5170,1
2025-09-02 09:00:00+00:00,1962802680671412655,['1962802680671412655'],"いよいよ明日(9/3)、#ほうじ茶香る焼き芋ムースティーラテ が登場です🍠🍵🍂

あと少し、お楽しみにお待ちください😊 https://t.co/mK5l4FZfXq",1648,37,8797,238,247,2152869,8797,1648,9
2025-09-02 07:01:01+00:00,1962772734611701926,['1962772734611701926'],"RT @starbucks_j_cpg: #スターバックスチルドカップ20周年 記念✨
復刻商品『#京都抹茶ラテ』が本日(9/2)より新発売💚

ミルクのまろやかな味わいは2008年発売当時のままに、抹茶の配合量を増やし、より深みのある濃厚な味わいに仕上げました。

20年間大…",855,0,0,0,0,114,0,855,7
2025-09-02 01:02:00+00:00,1962682387336474668,['1962682387336474668'],"RT @StarbucksStoreJ: [2025/9/21まで]
大切な人へのお祝いや感謝の気持ちに添えて #スターバックスカード を贈りませんか😊
全国のセブン-イレブン、ローソン（一部除く）で、スターバックス カード1枚あたり3,000円以上ご購入いただくと、500円…",118,0,0,0,0,51,0,118,1
2025-09-01 09:01:00+00:00,1962440544342483138,['1962440544342483138'],"本日(9/1) 19:00～、中秋の名月をモチーフにしたグッズや季節のコーヒー、秋の味覚先取りのビバレッジをひと足早くご紹介🍠🍂
みなさまからのご質問やコメントもお待ちしています😊
▼LIVE配信はこちら
https://t.co/Y5N2bztgK3 https://t.co/OGLBCDpgFb",254,18,2008,36,43,559875,2008,254,9
2025-09-01 01:02:00+00:00,1962319999596696009,['1962319999596696009'],"中秋の名月をイメージした、三日月を運ぶウサギたちを描いたグッズが登場します🐇🌕
伝説の人魚サイレンと海の生き物たちをデザインしたグッズも🧜‍♀️💚

9/1(月)20:00～オンラインストア先行販売、
9/3(水)全国のお店に並びます✨

みなさんはどれが気になりますか😊
https://t.co/6dLMRhTbuu

——— https://t.co/31bXbRnblP",1096,30,5148,167,313,1369686,5148,1096,1
2025-08-29 03:00:09+00:00,1961262568364019921,['1961262568364019921'],皆さんはどんな時にモバイルオーダーを使いたいですか？,61,4,475,2,8,413326,475,61,3
2025-08-29 03:00:02+00:00,1961262539591016549,['1961262539591016549'],"いつでもどこからでも、#モバイルオーダー で並ばず楽しむ、スターバックスのひとときを💫☕
皆さんはどんな時にモバイルオーダーを使いたいですか？

🔴席からゆっくり頼みたい時
🟡みんなで一緒に頼みたい時
🔵仕事の隙間にサッと頼みたい時

ぜひコメント欄の投票で教えて下さい♩ https://t.co/uVl7cflx8u",126,36,993,11,62,1529033,993,126,3
2025-08-28 01:01:01+00:00,1960870198279655538,['1960870198279655538'],"9/3(水)、#チョコレートムースラテ が今年も登場☕🥜🍫

贅沢感のある優しい甘みのふわふわチョコムースに、ナッツの風味豊かなご褒美ラテです😊

秋の特別なコーヒー体験をぜひお楽しみください✨

※カカオ分0.5%未満 https://t.co/zLkqIrrYKO",9643,105,47539,2437,2513,4956990,47539,9643,1
2025-08-27 01:31:00+00:00,1960515358001131684,['1960515358001131684'],"9/3(水) 、スターバックスの秋が始まります🍠🍵🍂

ごろっと焼き芋を、ほうじ茶で冷やした一品。
その名も #ほうじ茶香る焼き芋ムースティーラテ。

涼しげな秋の気分を先取りしてみませんか。
お楽しみに・・・✨ https://t.co/dFQdg8qXDd",26554,186,103229,8919,5087,8913192,103229,26554,1
2025-08-22 07:01:00+00:00,1958786465938513928,['1958786465938513928'],"今日は金曜日、みなさんお疲れ様です😊
一週間頑張った自分にご褒美のコーヒーブレイクはいかがですか？

エスプレッソの香り高い #ビタークリームコーヒー でちょっぴり大人なのんびりタイム🧡

ホワイトチョコレート風味のシロップとミルクの #スイートミルクコーヒー で甘い癒しタイム💛 https://t.co/TBTrZ5NdTk",1259,59,9541,159,559,1799360,9541,1259,7
2025-08-20 05:01:01+00:00,1958031493470863859,['1958031493470863859'],"ホイップクリーム、完熟した甘いピーチのソース、ピーチパウダーをトッピング🍑

この期間だけの特別なチーズケーキ＆ワッフルと一緒に、ピーチの芳醇な香りに包まれたスイーツタイムはいかがですか？😋

💗 #へブンリーピーチアメリカンワッフル
💛 #へブンリーピーチニューヨークチーズケーキ https://t.co/IMmv1j5qiQ",2092,83,14523,372,855,1949599,14523,2092,5
2025-08-18 01:31:00+00:00,1957253867802186127,['1957253867802186127'],"本日(8/18)、夏の涼を感じる『涼み 抹茶 ムース ティー』が登場🍵✨
抹茶の豊かな香りとほろ苦さが味わえるティーに、ふわふわのホワイトモカフレーバームースを重ねた一杯です。

暑い日にはほっとひと息。
あなたはどちらの""和の涼みティー""でくつろぎたいですか？
コメント欄で教えてください😊 https://t.co/hf4aeDQ7ys",13653,273,64907,3649,3660,5923311,64907,13653,1
2025-08-13 02:01:00+00:00,1955449479051845977,['1955449479051845977'],"ピーチが主役の一杯で、夏のひとときを彩ってみませんか🍑
とろける甘さ・爽快感・果肉感、今の気分にぴったりな一杯を絵文字で教えてください☺️✨

💗 #ヘブンリーピーチフラペチーノ®
熟したピーチの甘い香りととろける果肉の甘さを楽しめる一杯
🤍 #チラックスソーダピーチ https://t.co/n1WCZmT1IP",1493,86,9801,172,263,1814340,9801,1493,2
2025-08-11 02:01:04+00:00,1954724717715415514,['1954724717715415514'],"🍑ごろごろピーチ果肉×🫖香り高いブラックティーで、大人の贅沢感を堪能できる #クラフトジューシーピーチティー

飲むたびにピーチ果肉の食感とみずみずしさが広がる一杯。
暑い日のリフレッシュや自分へのご褒美にも、みなさんはどんな時に楽しみたいですか？☺️🎐 https://t.co/GhFOyqfZvm",923,45,5910,177,249,1647220,5910,923,2
2025-08-08 07:02:02+00:00,1953713293941780918,['1953713293941780918'],"こたえは、シトラス果肉🍊
シトラスのフレッシュ感をプラスして、ちょっと一息リフレッシュしませんか？😊 https://t.co/qLqdiGxCmG",116,5,950,3,26,496369,950,116,7
2025-08-08 07:01:00+00:00,1953713036617035943,['1953713036617035943'],"真夏の #チラックスソーダ のおすすめの楽しみ方とは・・・
ヒントは：🍊
こたえは次のポストをチェックしてみてくださいね😎
ぜひ、みなさんのオリジナルの楽しみ方もコメント欄でお写真と一緒に教えてください📷 https://t.co/lJbWso5IlF",290,16,2051,25,41,600368,2051,290,7
2025-08-08 01:01:00+00:00,1953622440313266605,['1953622440313266605'],"本日(8/8)から『#Moreヘブンリーピーチフラペチーノ®』がスタート🍑🍑🍑

#ヘブンリーピーチフラペチーノ®のホイップの上から、みずみずしく果肉感あふれるピーチ果肉をトッピングし、ご褒美感アップ💫

とけるような暑い夏は、とろける甘さと華やかな香りに癒されてみませんか🍧 https://t.co/ZChZpOtQXp",3316,59,15297,554,426,1883119,15297,3316,1
2025-08-07 06:01:00+00:00,1953335548451668395,['1953335548451668395'],"RT @fashionsnap: 【SPECIAL】スターバックスから、フルーツとシトラスの香りがひろがる「チラックス ソーダ ピーチ」が新登場！
夏のおうち時間は、ジューシーなピーチとしゅわっと微炭酸でChill &amp; Relax。

長濱ねるさんが出演するスペシャルムービーを…",79,0,0,0,0,119,0,79,6
2025-08-06 02:01:00+00:00,1952912763514437643,['1952912763514437643'],"憧れの先輩や仲間、夢に向かうあの人へ🌿
#寄せ書きeGift にエールを込めて贈りませんか📲🎁

オンラインで作成できるので手軽に想いを伝えることができます😊
遠く離れた人も、忙しい人も、みんなからのメッセージとギフトをひとつに。
https://t.co/snhgEIWykX https://t.co/rhVO2aQpqX",113,10,899,4,40,1462767,899,113,2
2025-08-05 07:00:04+00:00,1952625636880900105,['1952625636880900105'],"#チラックスソーダ に、ゴクゴク飲めるVenti®サイズが登場✨
暑い夏のChill＆Relaxタイムにいかがですか？😊 https://t.co/qUoIWh0IDu",649,28,4985,96,107,676568,4985,649,7
2025-08-05 02:48:46+00:00,1952562393604931612,['1952562393604931612'],"8/6-7の2日間、スターバックス® リワード会員の方は『#Moreへブンリーピーチフラペチーノ®』をひと足お先にお楽しみいただけます☺

店頭はもちろん、モバイルオーダーでも注文が可能✨

最後の一口までピーチの味わいを楽しめる一杯、飲んだ方はぜひ感想を教えてください🍑

▼詳細はこちら https://t.co/zUcGM46oxo",1229,27,6130,219,280,1361374,6130,1229,2
2025-08-04 07:02:00+00:00,1952263737181876556,['1952263737181876556'],"⚡☕[MIYASHITA PARK店 限定]
8/6(水)、FRAGMENTとコラボレーションした初のビバレッジ『BBTEA by FRAGMENT』が登場。
ブラックティーとエスプレッソを合わせた、絶妙なハーモニーを味わえる一杯です🥤
さらに「FRAGMENT」のシンボルがデザインされたリユーザブルカップも登場。 https://t.co/bE3OqVP4zP",391,15,3267,57,205,724292,3267,391,7
2025-08-04 01:02:00+00:00,1952173139494088996,['1952173139494088996'],"今年も暑い日々が続きますね☀️
そんな時はフラペチーノ®でひと休憩いかがでしょうか？

8/25(月)までに #モバイルオーダー ※ で対象のフラペチーノ®︎を購入すると、次回対象のフラペチーノ®︎購入時に使える200円OFF eTicket をプレゼント🎁

キャンペーンの詳細はこちら▼
https://t.co/KUtrwxFegZ https://t.co/n69pQ5hPxu",2079,34,12691,281,1799,1888235,12691,2079,1
2025-08-02 02:01:01+00:00,1951463212890935570,['1951463212890935570'],"29年前の今日(8/2)、銀座松屋通りに日本1号店がオープンしました☕💚
みなさま、いつもありがとうございます。

1号店の最初のオーダーは「ダブルトールラテ」。
みなさんの #スターバックス最初の一杯 は、何でしたか😊 https://t.co/grSSvr4baq",1765,188,12247,270,507,1837750,12247,1765,2
2025-08-01 01:02:01+00:00,1951085977658859611,['1951085977658859611'],"本日(8/1) START🍑🍑🍑
とろけるような甘み。芳醇な香り。ジューシーな味わい。

今年は3つのビバレッジでピーチの魅力を存分に味わってみませんか😋
お気に入りの一杯を片手に、幸せな夏のひとときを✨
https://t.co/kNb6PhCH0y

#ヘブンリーピーチフラペチーノ®
#チラックスソーダピーチ https://t.co/JWbH1QMyrh",11244,113,51409,2327,1785,3504638,51409,11244,1
2025-07-31 07:01:00+00:00,1950813932744274036,['1950813932744274036'],"もう応募はお済みでしょうか？👀
フレグランスのご応募は、8/1(金)23:59まで。
いよいよ明日発売の #ヘブンリーピーチフラペチーノ®
期待のお声、たくさんいただいております🍑
明日をお楽しみにお待ちください☺️ https://t.co/2bw2PwP5ZK",546,22,3860,26,69,1061882,3860,546,7
2025-07-30 02:01:03+00:00,1950376059050086525,['1950376059050086525'],"■応募規約
内容をよくご確認の上ご参加ください。 https://t.co/r5q1V5Fa5B",141,23,936,11,41,533684,936,141,2
2025-07-30 02:01:01+00:00,1950376051550670929,['1950376051550670929'],"スターバックスからフレグランス✨
抽選で30名様にプレゼント🍑

8/1(金)に登場する、完熟した桃の香りにこだわり抜いたヘブンリー ピーチ フラペチーノ®。
この香りを体感いただける、オリジナルフレグランス「ヘブンリー ピーチ フラペチーノ フレグランス」を開発しました。 https://t.co/Tb0A6sItpX",9888,4700,22106,6463,1370,4542025,22106,9888,2
2025-07-29 01:32:00+00:00,1950006361074651488,['1950006361074651488'],"8/1(金)、『#クラフトジューシーピーチティー』が新登場🍑✨
桃をそのまま食べているような、ごろごろとしたピーチ果肉の食感とジューシーさを堪能できる一杯です😋

真夏にぴったりな後味すっきりのティービバレッジ。
登場をお楽しみに🍹 https://t.co/txdI2swUit",9946,87,49947,2636,2622,3872545,49947,9946,1
2025-07-28 01:31:00+00:00,1949643722138026129,['1949643722138026129'],"とろっと、しゅわっと、みずみずしい果肉感あふれるピーチビバレッジが8/1(金)から新登場🍑🍑

🧡とろけるような甘さと芳醇な香り広がる
#ヘブンリーピーチフラペチーノ®
💛果肉の贅沢感とすっきり炭酸が心地よい
#チラックスソーダピーチ

暑い夏にふわっと心ほぐれる特別なひとときをお届けします😊 https://t.co/b3jjEsojGu",34536,251,132180,12800,6573,9722799,132180,34536,1
2025-07-25 06:01:00+00:00,1948624506219888843,['1948624506219888843'],🐶🐵🐦,687,124,5173,498,148,1722484,5173,687,6
2025-07-24 07:01:00+00:00,1948277217823445257,['1948277217823445257'],"羽を伸ばしてリラックスできる、ひとときの避暑体験を🏝️
みなさんのいまの旅の気分を診断してみませんか✈
今年の夏休みは #スターバックスリザーブロースタリー東京(@roasterytokyo) へ、Let's エスケープ😎✨

🔽詳細はこちら
https://t.co/qoAaSZNvis https://t.co/m8QInQsosa",100,10,826,1,14,1055581,826,100,7
2025-07-23 05:02:00+00:00,1947884882967060969,['1947884882967060969'],"🍋レモンシャーベット
コーヒーのシトラス感や甘い余韻が心地よく広がります。
シャーベットを多めにデザート感覚で味わうのもおすすめです🍸✨

🌿ハーブ（スイートバジル）
スイートバジルの葉を入れた氷*が少しずつ溶けて、甘く清涼感のある香りがコーヒーと絶妙にマッチ😉",88,1,676,0,19,443430,676,88,5
2025-07-23 05:01:00+00:00,1947884630960705556,['1947884630960705556'],"#スターバックスボヤージュブレンド® を使ったひんやりアレンジで、コーヒーの旅へ、Bon Voyage☕✈
みなさんはどちらの味わいで楽しんでみたいですか？

🍋レモンシャーベットで みずみずしい味わいを
🌿ふんわりハーブ香る さわやかな味わいを

おすすめの楽しみ方はコメント欄に😊💬 https://t.co/YSmbJ1IpF7",322,31,2249,20,140,1648264,2249,322,5
2025-07-22 07:01:00+00:00,1947552441882579188,['1947552441882579188'],"RT @starbucks_j_cpg: 本日(7/22)、『スターバックス® DELIGHT ME™ #バニララテwithほんのりシトラス』が新発売💙

ふんわり甘いバニララテに、シトラスがさわやかに香る、暑い夏にぴったりの一杯✨
新シリーズ「DELIGHT ME™」で、この…",490,0,0,0,0,278,0,490,7
2025-07-22 01:01:00+00:00,1947461845172031741,['1947461845172031741'],"彩りのあるサンドイッチやサラダラップ、バラエティ豊かな具材で食べ応え抜群🥪🥗
今日のランチにお気に入りの一杯と一緒にいかがですか？

#クラブハウス石窯カンパーニュサンド
#メキシカンアボカドサラダラップ
#ハムandチーズ石窯カンパーニュサンド
#根菜チキンサラダラップ https://t.co/yNufCGXHPD",285,19,2698,28,86,1293361,2698,285,1
2025-07-18 01:01:00+00:00,1946012294850412606,['1946012294850412606'],"もっちり、さくさく、ふんわり。
食感も味わいも、気分で楽しめる3つのドーナツ🍩

この夏、お気に入りの一杯と合わせたいのはどれですか？☕️
絵文字で教えてください💫

💜 → #ブルーベリークリームチーズドーナツ
甘酸っぱいブルーベリーとクリームチーズの相性が夏にぴったり
🤎 → https://t.co/f5OLveeekZ",741,90,6155,136,197,1541583,6155,741,1
2025-07-17 08:01:04+00:00,1945755619027558627,['1945755619027558627'],"シェイク、シェイク✨
#シェイクンキャラメルラテ をおうちで楽しんでみませんか🏠🧡
スターバックス ヴィア® を使ったアレンジレシピをご紹介します。
動画はタップしてご覧ください👇

———
📝アレンジレシピ
[材料(1杯分)]
・スターバックス ヴィア® コーヒーエッセンス キャラメル 1本
・ミルク https://t.co/zUyKtpIsee",462,22,3515,29,688,1239083,3515,462,8
2025-07-17 03:49:19+00:00,1945692264094982273,['1945692264094982273'],"RT @fashionsnap: 【SPECIAL】スターバックスから、フルーツの贅沢感とシトラスの香りがひろがる「チラックス ソーダ マスカット」が新登場！
夏の暑さに疲れた時は、チラックス ソーダで気分をスッキリ。

長濱ねるさんが出演するスペシャルムービーを公開中。（PR…",111,0,0,0,0,135,0,111,3
2025-07-16 07:02:00+00:00,1945378365567066511,['1945378365567066511'],"今年の夏も暑い日が続きそうですね☀️
暑い日のお出かけや外遊びにもぴったりなグッズたちが、お店やオンラインストアに並んでいます💙✨

🧊大容量サイズ(946ml/1892ml)のジャグタンブラーは、たっぷり水分補給したい暑い日に。 https://t.co/eiJa3eKxEQ",397,17,3598,35,208,1416522,3598,397,7
2025-07-11 07:01:00+00:00,1943566175063203903,['1943566175063203903'],"マスカットフレーバーの3つのドリンクで、夏の暑さを癒しませんか🌞
いまのあなたにぴったりの1杯をご提案🥤
今日の気分を絵文字で教えてください☺✨

💙アールグレイフローズンティー
💚フラペチーノ®
💛チラックスソーダ https://t.co/hW0PDZfNkM",651,102,4258,127,130,1597521,4258,651,7
2025-07-10 01:01:00+00:00,1943113189719433507,['1943113189719433507'],"ゴロゴロとした白桃と、まろやかなミルクの風味が楽しめる #ピーチandミルクケーキ が登場🍑🥛

コク深い風味の練乳クリームと軽い風味のミルクムースが重なり、ピーチの爽やかさを引き立てます💫

みずみずしい夏にぴったりなケーキで、ご褒美タイムを過ごしてみませんか☺️ https://t.co/xHsCx6wtLp",3496,60,20958,854,956,2256404,20958,3496,1
2025-07-09 01:01:00+00:00,1942750802738831432,['1942750802738831432'],"本日(7/9)から、３つのマスカットフレーバーを体験できるドリンクが登場✨
個性溢れる３つのドリンクで乾杯しませんか？🥂

💚至福な気分を味わうフラペチーノ®
💙華やかな気分に包まれるアールグレイフローズンティー
💛チルな気分を演出するチラックスソーダ https://t.co/w8yPWF1E4Q",2156,46,8301,552,275,1706128,8301,2156,1
2025-07-08 07:01:00+00:00,1942479011327926620,['1942479011327926620'],7/9 coming tomorrow🌟 https://t.co/T8Wb2Muitf,4504,70,29775,811,661,2181929,29775,4504,7
2025-07-07 09:01:00+00:00,1942146823474516448,['1942146823474516448'],"本日(7/7) 19:00～、夏の家族でのおでかけにもぴったりなサマーシーズン第3弾のグッズや、季節のコーヒー、アレンジレシピをバリスタがご紹介✨
みなさまからのご質問やコメントもお待ちしています😊
▼LIVE配信はこちら
https://t.co/c7uVBd6Iou https://t.co/VG0RIo4z0h",124,4,1311,11,32,560758,1311,124,9
2025-07-07 07:02:00+00:00,1942116874889896038,['1942116874889896038'],『HOTEL STARBUCKS』の世界観をイメージしたグッズたちも登場します🐻💚 https://t.co/WekqGULtvJ https://t.co/gZWzyMrFA1,590,10,3436,92,158,892113,3436,590,7
2025-07-07 07:01:00+00:00,1942116622954836194,['1942116622954836194'],"家族でシェアできる大容量サイズのタンブラーや、テイクアウトカップのホルダーとしても使用できる2WAYステンレスカップなど、夏のお出かけに活躍しそうなグッズが新登場☀️🌴

本日(7/7) 20:00～オンラインストア先行販売、
7/9(水)全国のお店に並びます✨

みなさんはどれが気になりますか😊 https://t.co/Jpeaf1S5By",368,10,2740,40,211,2044845,2740,368,7
2025-07-04 05:02:00+00:00,1940999511767502906,['1940999511767502906'],"オンラインストアの #マイカスタムボトル に、淡いトーンの新色が登場😉
フラペチーノ®などをモチーフにしたワッペンとベアリスタチャーム付きのリッドカバーで、さらに自分らしくカスタマイズすることも💚

刻印を入れてギフトにしたり、誰かとお揃いにして楽しむのもおすすめです✨ https://t.co/PYG9ypY7ig",515,30,4066,82,453,1691437,4066,515,5
2025-07-03 01:31:00+00:00,1940584025640652887,['1940584025640652887'],"7/9(水)、#チラックスソーダ の新フレーバー『#チラックスソーダマスカット』が新登場✨

ジューシーなぶどう果肉とマスカットピューレのぷるっとしたジュレに、しゅわっと爽快な炭酸。
暑い日やリフレッシュしたいときに心がふっと軽くなるような、夏の日にぴったりの一杯です🫧 https://t.co/4zoEq9iKgR",3886,56,21368,664,758,2029583,21368,3886,1
2025-07-02 01:30:01+00:00,1940221388406833453,['1940221388406833453'],"じゅわっと、しゅわっと、ふわり華やぐ3種の新作ビバレッジが7/9(水)より登場✨

マスカットフレーバーを主役としたアールグレイ フローズン ティー、フラペチーノ®、チラックスソーダで至福のひと時を過ごしませんか？😉

#マスカットアールグレイフローズンティー
#グランマスカットフラペチーノ® https://t.co/uTPFO7UKLd",22610,119,96697,7778,5859,8126999,96697,22610,1
2025-07-01 02:02:00+00:00,1939867050727624809,['1939867050727624809'],"オリジナルデザインの #スターバックスeGift を贈って、同じ""好き""を持つ仲間と想いをシェアしませんか🎁
お気に入りの写真に組み合わせられる15色のスタンプやフレームが登場😉💕
https://t.co/xVWpzIiYPt

カードデザインのカスタマイズは、スマートフォンからお楽しみいただけます📲✨ https://t.co/MbEXetrCco",189,5,1394,6,90,1330998,1394,189,2
2025-06-30 01:32:00+00:00,1939497114062717390,['1939497114062717390'],"本日(6/30)、『#ビタークリームコーヒー』が登場✨
香り高くビターな風味のエスプレッソと、コク深い甘みのソースを合わせた、クリーミーなエスプレッソビバレッジです☕

#スイートミルクコーヒー にもう少し、コーヒーの風味や香りが欲しいなというときにぴったりな味わいです😊 https://t.co/CMWAV4NS4H",9463,115,54871,2964,3307,5917551,54871,9463,1
2025-06-27 01:31:00+00:00,1938409696874106967,['1938409696874106967'],"季節の移ろいを感じるデザインのeGiftにメッセージを添えて、送りませんか☕️🎁
「いつもありがとう」や「リラックスしてね」の想いを乗せて、雨の日も、大切な人のこころを晴れやかに🌞🌈
https://t.co/ZJ6Ip5gprq https://t.co/ipfdPgGfLf",153,23,1056,4,40,1546611,1056,153,1
2025-06-26 02:21:45+00:00,1938060082258055301,['1938060082258055301'],"厳しい暑さが続く今年の梅雨、体調などくずされていませんか。
やさしい甘さのはちみつでほっとひと息コーヒータイムを。🍯
 
💐 #アールグレイブーケandティーラテ※
豊かな風味にトッピングされたはちみつで、気分も晴れやかに
☕ #ドリップコーヒー https://t.co/QTPkkjyOR7",733,26,4801,57,193,1517984,4801,733,2
2025-06-25 05:02:00+00:00,1937738021128028526,['1937738021128028526'],"都会の喧騒を離れ、エスケープできる少し贅沢な時間🏝️
羽を伸ばしてリラックスできる、そんな店舗をご紹介💫

この夏、皆さんが訪れたい店舗はどこですか？

💐 #よみうりランドHANABIYORI店
色とりどりの花や水槽に囲まれて、移ろう季節と会話を楽しめる癒しのスポット
⛱️ #泉南りんくう公園店 https://t.co/FeJ4Y3yJKE",214,17,1324,18,89,619568,1324,214,5
2025-06-25 03:02:00+00:00,1937707823196176503,['1937707823196176503'],"RT @StarbucksStoreJ: 全国28店舗限定、「My フルーツ³ フラペチーノ®（マイフルーツフラペチーノ®）」

本日(6/25)から、『My フルーツ³ フラペチーノ® ゴールデン パイン&amp;グアバ ヨーグルト※』が新たに登場🍍… https://t.co/I4…",1717,0,0,0,0,119,0,1717,3
2025-06-25 01:02:00+00:00,1937677623309865381,['1937677623309865381'],"本日(6/25)から7/8まで、モバイルオーダーでのご注文で「#アールグレイブーケandティーラテ」の全国のパートナー（従業員）の人気カスタマイズをプレゼント🎁
私たちのお気に入りの味わい「アールグレイ ブーケ &amp; アーモンド ミルク ティー ラテ with エクストラ ハニー」を楽しんでみませんか🍯✨ https://t.co/0yTZITVOiA",726,20,4302,108,443,1428735,4302,726,1
2025-06-24 05:03:00+00:00,1937375885184860474,['1937375885184860474'],"暑い季節はひんやりアイスコーヒーで涼やかなおうち時間を☕🧊✨
お好みの味わいにぴったりのいれ方にトライするなら…
みなさんはどちら派ですか？ハートで教えてください😉

💙スッキリ派→ #グラスドリップコーヒーメーカー
💚コク派→ #コーヒープレス
💛まろやか派→ https://t.co/gw5IcJYdJH",212,56,1572,16,97,1386906,1572,212,5
2025-06-23 05:01:00+00:00,1937012993973498292,['1937012993973498292'],"アールグレイ ブーケ ＆ ティーはもうお楽しみいただけましたか？☺️
今回は、バリスタおすすめのカスタマイズをご紹介します✨

💚#アールグレイブーケandティーフラペチーノ®
ホワイトモカとキャラメルソースを追加してよりクリーミーに。

💛#アールグレイブーケandティーラテ https://t.co/FOVpl5JUug",2002,37,11915,311,1843,1732318,11915,2002,5
2025-06-20 08:01:00+00:00,1935971129774272970,['1935971129774272970'],"自由なメッセージを刻印できるスターバックス #オンラインストア名入れサービス。
対象グッズにバリエーション豊富な新色が仲間入り🌈✨
大切な方に似合う色を選んで、想いを込めた刻印とともに贈りませんか🎁
オンリーワンの特別なギフトに😊
https://t.co/xrn9x1bMsH https://t.co/26v170I1KB",646,17,3399,138,569,1665326,3399,646,8
2025-06-18 01:01:00+00:00,1935140658463064236,['1935140658463064236'],"本日(6/18)より、アールグレイ ブーケ ＆ ティー 3品が登場✨
アールグレイの豊かな香りに、柑橘とはちみつが重なる爽やかな1杯です🍊🍯

暑い日こそ、優雅で心豊かなティービバレッジはいかがですか？☀
フラペチーノ®とアイスはもちろん、ホットもご用意しています🥤 https://t.co/fYUIaGgxhA",7800,54,30724,2054,1282,3184944,30724,7800,1
2025-06-17 07:02:01+00:00,1934869120409043292,['1934869120409043292'],"RT @starbucks_j_cpg: 本日(6/17)から、『スターバックス® ME MOMENT™ サンシャイン ライム / トロピカル ツイスト』がセブン-イレブン限定で新発売✨

ティーと果汁のハーモニーで、はじけるような活力のある一日を彩る、鮮やかなリフレッシュメン…",743,0,0,0,0,65,0,743,7
